 ,Label,Area,Mean,StdDev,Mode,Min,Max,X,Y,XM,YM,Perim.,BX,BY,Width,Height,Major,Minor,Angle,Circ.,Feret,IntDen,Median,Skew,Kurt,%Area,RawIntDen,Slice,Frame,FeretX,FeretY,FeretAngle,MinFeret,AR,Round,Solidity,Length
1,series04_masked.tif:z:4/23 t:1/95 - Mark_and_Find 001/mT8 Control005,81.373297841,8047.409960937,1652.769696366,7813.045241356,5549.022949219,11953.329101562,269.764176280,289.337509759,0,0,62.277232835,241.111408780,276.831617488,58.683200020,26.790156531,0,0,24.775140569,0.263653273,62.277232483,654844.287600855,7559.344726562,0,0,0,402370.498046875,4,1,189.298004150,237.031631470,24.775148074,0.000000000,0.000000000,0.000000000,NaN,62.277232835
2,series04_masked.tif:z:4/23 t:2/95 - Mark_and_Find 001/mT8 Control005,89.510627625,8174.434614702,1418.037872387,9570.626744270,5208.747558594,11228.375976562,269.401710206,289.699985566,0,0,68.444324441,239.835687040,273.004452269,61.234643500,34.444486969,0,0,28.465162143,0.240109633,68.444332070,731698.772843250,8211.081054688,0,0,0,449593.903808594,4,2,187.593231201,239.872924805,28.465167320,0.000000000,0.000000000,0.000000000,NaN,68.444324441
3,series04_masked.tif:z:3/23 t:3/95 - Mark_and_Find 001/mT8 Control005,83.000763798,8170.089661841,1924.213098327,5478.298760414,5194.687988281,12837.251953125,270.126642355,290.062451640,0,0,63.335726653,243.662852259,273.004452269,53.580313062,35.720208708,0,0,33.326289687,0.260012626,63.335711889,678123.682230389,7950.729980469,0,0,0,416674.572753906,3,3,191.002777100,241.009429932,33.326287873,0.000000000,0.000000000,0.000000000,NaN,63.335726653
4,series04_masked.tif:z:3/23 t:4/95 - Mark_and_Find 001/mT8 Control005,87.883161668,8354.941406250,1613.292637436,7854.263488770,5493.899414062,12818.180664062,269.039234399,289.699985566,0,0,67.714838064,242.387130519,269.177287050,54.856034802,42.098817406,0,0,37.605991357,0.240850664,67.714846619,734258.666335437,7953.544433594,0,0,0,451166.835937500,3,4,189.866256714,243.282470703,37.605998058,0.000000000,0.000000000,0.000000000,NaN,67.714838064
5,series04_masked.tif:z:3/23 t:5/95 - Mark_and_Find 001/mT8 Control005,96.020491453,8067.272436110,1330.575541441,4971.113471985,4959.162109375,11078.259765625,266.625843571,290.226695753,0,0,73.610851703,229.629913123,289.588834883,75.267582635,3.827165219,0,0,1.986340696,0.222684559,73.610838734,774623.463996501,8264.473632812,0,0,0,475969.073730469,3,5,180.166671753,228.500000000,1.986341046,0.000000000,0.000000000,0.000000000,NaN,73.610851703
6,series04_masked.tif:z:3/23 t:6/95 - Mark_and_Find 001/mT8 Control005,99.275423366,8183.521692495,1227.078926379,5710.861096382,5700.956542969,10772.087890625,264.074400092,290.439322532,0,0,76.979116508,225.802747905,289.588834883,77.819026114,2.551443479,0,0,0.949566856,0.210526014,76.979129483,812422.580648502,8164.805664062,0,0,0,499194.823242188,3,6,176.833328247,228.166671753,0.949566696,0.000000000,0.000000000,0.000000000,NaN,76.979116508
7,series04_masked.tif:z:3/23 t:7/95 - Mark_and_Find 001/mT8 Control005,102.530355280,7987.297991071,887.728302788,7785.332464218,5500.730468750,9785.405273438,262.373434528,291.289800447,0,0,79.548408527,223.251304425,290.864556623,80.370469593,2.551443479,0,0,1.531607792,0.203610109,79.548402214,818940.500750141,7956.337890625,0,0,0,503199.773437500,3,7,174.500000000,229.166671753,1.531612589,0.000000000,0.000000000,0.000000000,NaN,79.548408527
8,series04_masked.tif:z:3/23 t:8/95 - Mark_and_Find 001/mT8 Control005,109.040219107,7922.035593517,1049.608668404,7953.360049248,5476.477050781,11723.590820312,262.160817482,294.053860972,0,0,84.544843026,220.699860946,290.864556623,85.473356551,8.930052177,0,0,5.194428908,0.191700098,84.544843026,863820.496891180,7969.340820312,0,0,0,530776.384765625,3,8,172.500000000,233.500000000,5.194428908,0.000000000,0.000000000,0.000000000,NaN,84.544843026
9,series04_masked.tif:z:3/23 t:9/95 - Mark_and_Find 001/mT8 Control005,110.667685064,8028.759622013,943.095239352,7913.064360619,5435.527832031,9982.118164062,261.310339567,293.203373323,0,0,85.658273690,219.424139207,288.313113144,85.473356551,11.481495656,0,0,6.842773413,0.189536150,85.658280132,888524.241302717,8103.065429688,0,0,0,545955.654296875,3,9,171.500000000,233.833328247,6.842772896,0.000000000,0.000000000,0.000000000,NaN,85.658273690
10,series04_masked.tif:z:3/23 t:10/95 - Mark_and_Find 001/mT8 Control005,117.177548891,8182.342569987,1084.001075794,7404.367448807,4832.694335938,10790.597656250,259.609374003,295.754826536,0,0,90.070733122,215.596973988,287.037391404,89.300521770,19.135826094,0,0,10.885527055,0.181504283,90.070744641,958786.846539143,8111.183593750,0,0,0,589128.665039062,3,10,168.833328247,238.500000000,10.885521442,0.000000000,0.000000000,0.000000000,NaN,90.070733122
11,series04_masked.tif:z:3/23 t:11/95 - Mark_and_Find 001/mT8 Control005,122.059946762,8153.264700521,1173.292427650,8772.506942749,4345.704101562,10454.930664062,258.121025485,295.754816803,0,0,94.377545961,211.769808769,288.313113144,94.403408728,16.584382614,0,0,9.334998463,0.172204969,94.377545961,995187.055279294,8275.228515625,0,0,0,611494.852539062,3,11,165.833328247,237.833328247,9.334998463,0.000000000,0.000000000,0.000000000,NaN,94.377545961
12,series04_masked.tif:z:3/23 t:12/95 - Mark_and_Find 001/mT8 Control005,123.687412718,8317.683426706,1612.211276197,8479.004431725,4945.733886719,14222.833984375,257.270547570,295.967443581,0,0,96.125066370,210.494087030,288.313113144,95.679130468,16.584382614,0,0,9.420652558,0.168213971,96.125062093,1028792.742860714,8476.492187500,0,0,0,632143.940429688,3,12,164.500000000,238.166671753,9.420660821,0.000000000,0.000000000,0.000000000,NaN,96.125066370
13,series04_masked.tif:z:3/23 t:13/95 - Mark_and_Find 001/mT8 Control005,123.687412718,8501.434467516,921.880727069,8134.760047913,5841.750000000,10713.207031250,255.144347915,296.605304451,0,0,95.716922167,209.218365290,285.761669665,94.403408728,22.962991312,0,0,13.357122714,0.169651584,95.716925165,1051520.433682835,8560.712890625,0,0,0,646109.019531250,3,13,163.500000000,241.166671753,13.357130272,0.000000000,0.000000000,0.000000000,NaN,95.716922167
14,series04_masked.tif:z:3/23 t:14/95 - Mark_and_Find 001/mT8 Control005,128.569810589,8328.775409167,961.044757626,8695.507673264,5389.444335938,10295.833984375,252.805521481,297.243165321,0,0,99.543542698,205.391200071,284.485947925,96.954852208,26.790156531,0,0,15.104849113,0.163050705,99.543539815,1070829.076794534,8466.524414062,0,0,0,657973.257324219,3,14,160.500000000,243.166671753,15.104857297,0.000000000,0.000000000,0.000000000,NaN,99.543542698
15,series04_masked.tif:z:3/23 t:15/95 - Mark_and_Find 001/mT8 Control005,135.079674416,8336.838455384,979.936394009,8295.547990799,5232.488281250,10028.471679688,251.529809475,297.455792099,0,0,104.110149709,201.564034853,281.934504446,100.782017426,31.893043489,0,0,17.102728969,0.156607922,104.110149709,1126137.424214039,8448.824218750,0,0,0,691957.591796875,3,15,158.166671753,245.166671753,17.102728969,0.000000000,0.000000000,0.000000000,NaN,104.110149709
16,series04_masked.tif:z:3/23 t:16/95 - Mark_and_Find 001/mT8 Control005,138.334606330,8379.007927390,1065.581563975,8604.811688423,5282.566894531,10484.369140625,250.254087735,298.093652969,0,0,106.924965965,199.012591374,281.934504446,103.333460906,33.168765229,0,0,17.354024636,0.152048612,106.924965965,1159106.763070409,8396.475585938,0,0,0,712215.673828125,3,16,156.166671753,246.166671753,17.354024636,0.000000000,0.000000000,0.000000000,NaN,106.924965965
17,series04_masked.tif:z:4/23 t:17/95 - Mark_and_Find 001/mT8 Control005,143.217004200,8412.650307395,1257.421303774,8524.064991951,5467.951660156,11199.563476562,247.915261302,298.093652969,0,0,111.398423464,195.185426155,281.934504446,107.160626124,33.168765229,0,0,16.636396969,0.145026164,111.398429681,1204834.574410280,8533.867187500,0,0,0,740313.227050781,4,17,152.500000000,246.166671753,16.636396014,0.000000000,0.000000000,0.000000000,NaN,111.398423464
18,series04_masked.tif:z:4/23 t:18/95 - Mark_and_Find 001/mT8 Control005,144.844470157,8447.618833392,1130.466278589,8018.016240120,5455.527832031,10369.363281250,246.001668959,298.944130885,0,0,112.051497972,192.633982676,283.210226185,108.436347864,33.168765229,0,0,16.990823292,0.144969436,112.051499868,1223590.874012371,8469.500000000,0,0,0,751838.076171875,4,18,150.833328247,247.166671753,16.990826465,0.000000000,0.000000000,0.000000000,NaN,112.051497972
19,series04_masked.tif:z:4/23 t:19/95 - Mark_and_Find 001/mT8 Control005,149.726868028,8367.946920644,1095.508636751,8890.692634583,4874.638671875,10054.033203125,245.363808089,298.731513839,0,0,116.594267172,190.082539197,280.658782706,112.263513083,36.995930448,0,0,17.840204308,0.138406093,116.594267172,1252906.484249481,8630.412109375,0,0,0,769851.116699219,4,19,148.833328247,248.166671753,17.840204308,0.000000000,0.000000000,0.000000000,NaN,116.594267172
20,series04_masked.tif:z:4/23 t:20/95 - Mark_and_Find 001/mT8 Control005,152.981799941,8356.951504322,1104.136449945,8237.142536163,5311.220703125,10459.234375000,243.237608434,299.156747930,0,0,118.370510434,188.806817457,278.107339227,110.987791343,44.650260885,0,0,21.495631044,0.137202678,118.370504397,1278461.483153141,8465.294921875,0,0,0,785553.441406250,4,20,147.500000000,251.500000000,21.495632195,0.000000000,0.000000000,0.000000000,NaN,118.370510434
21,series04_masked.tif:z:4/23 t:21/95 - Mark_and_Find 001/mT8 Control005,154.609265898,8404.785074013,972.910674970,8629.140063286,5690.274902344,10077.152343750,243.237608434,298.731504106,0,0,119.658951435,188.806817457,275.555895748,110.987791343,48.477426104,0,0,23.011437443,0.135692235,119.658947999,1299457.650324503,8520.621093750,0,0,0,798454.582031250,4,21,147.500000000,252.500000000,23.011441517,0.000000000,0.000000000,0.000000000,NaN,119.658951435
22,series04_masked.tif:z:4/23 t:22/95 - Mark_and_Find 001/mT8 Control005,159.491663769,8347.804911711,879.683446274,8442.328188896,5221.833496094,9919.535156250,242.812364610,298.306270015,0,0,123.791761757,186.255373978,274.280174008,114.814956562,49.753147843,0,0,23.482870353,0.130786936,123.791764343,1331405.294184183,8412.998046875,0,0,0,818084.881347656,4,22,145.833328247,253.166671753,23.482873107,0.000000000,0.000000000,0.000000000,NaN,123.791761757
23,series04_masked.tif:z:4/23 t:23/95 - Mark_and_Find 001/mT8 Control005,164.374061639,8115.958757155,819.573657666,8193.817216873,5960.733398438,9810.359375000,239.410443216,296.817921497,0,0,127.420414551,181.152487020,271.728730529,118.642121780,52.304591323,0,0,23.399451319,0.127222851,127.420423083,1334053.105008466,8256.104492188,0,0,0,819711.834472656,4,23,141.833328247,252.500000000,23.399452838,7.105E-15,0.000000000,0.000000000,NaN,127.420414551
24,series04_masked.tif:z:4/23 t:24/95 - Mark_and_Find 001/mT8 Control005,167.628993553,8306.352297292,811.976077680,8880.222064018,5897.604980469,10013.777343750,237.496860606,295.542209490,0,0,130.615328221,177.325321801,270.453008790,122.469286999,51.028869583,0,0,22.390281285,0.123472633,130.615334220,1392385.475689075,8477.730468750,0,0,0,855554.286621094,4,24,138.833328247,251.166671753,22.390280201,0.000000000,0.000000000,0.000000000,NaN,130.615328221
25,series04_masked.tif:z:4/23 t:25/95 - Mark_and_Find 001/mT8 Control005,172.511391423,8455.641859522,685.477869615,8614.856911659,6050.972167969,9687.285156250,235.795904776,295.329582711,0,0,133.609480393,173.498156582,270.453008790,126.296452218,51.028869583,0,0,21.665958723,0.121437577,133.609469571,1458694.542562008,8575.462890625,0,0,0,896298.037109375,4,25,136.166671753,250.833328247,21.665954579,0.000000000,0.000000000,0.000000000,NaN,133.609480393
26,series04_masked.tif:z:4/23 t:26/95 - Mark_and_Find 001/mT8 Control005,177.393789294,8456.187441765,799.314503262,8487.704896927,5316.318359375,10163.333007812,234.520183036,295.754826536,0,0,137.916999623,170.946713103,269.177287050,128.847895697,54.856034802,0,0,23.244983847,0.117195969,137.916996222,1500075.133271684,8508.504882812,0,0,0,921724.431152344,4,26,134.166671753,253.166671753,23.244987388,1.421E-14,0.000000000,0.000000000,NaN,137.916999623
27,series04_masked.tif:z:4/23 t:27/95 - Mark_and_Find 001/mT8 Control005,180.648721207,8420.975185635,782.248335672,8648.503807068,5799.858398438,10102.237304688,231.543495733,295.329582711,0,0,139.937106268,167.119547884,269.177287050,130.123617437,54.856034802,0,0,22.512720090,0.115925500,139.937118256,1521238.398602977,8507.023437500,0,0,0,934728.245605469,4,27,130.833328247,252.500000000,22.512718056,0.000000000,0.000000000,0.000000000,NaN,139.937106268
28,series04_masked.tif:z:4/23 t:28/95 - Mark_and_Find 001/mT8 Control005,179.021255250,8359.619966264,1014.238962668,8499.210985184,4835.199218750,10369.045898438,229.417296078,294.691721842,0,0,139.647996411,165.843826145,267.901565311,128.847895697,56.131756541,0,0,23.129863102,0.115357290,139.648002378,1496549.659777213,8483.025390625,0,0,0,919558.196289062,4,28,129.500000000,252.500000000,23.129862056,0.000000000,0.000000000,0.000000000,NaN,139.647996411
29,series04_masked.tif:z:4/23 t:29/95 - Mark_and_Find 001/mT8 Control005,182.276187164,8335.917170933,1003.965926413,8494.439310074,5551.169921875,10625.088867188,228.779435208,295.542199757,0,0,141.493331584,164.568104405,267.901565311,130.123617437,57.407478281,0,0,23.560358584,0.114411019,141.493334938,1519439.198433299,8430.703125000,0,0,0,933622.723144531,4,29,128.500000000,253.833328247,23.560355125,1.421E-14,0.000000000,0.000000000,NaN,141.493331584
30,series04_masked.tif:z:4/23 t:30/95 - Mark_and_Find 001/mT8 Control005,148.099402071,8263.295925266,1152.616652546,8049.791668892,5015.313964844,10968.005859375,235.795904776,292.140278362,0,0,115.196252467,183.703930499,269.177287050,105.884904385,47.201704364,0,0,23.726263336,0.140244703,115.196263629,1223789.185666109,8333.725585938,0,0,0,751959.929199219,4,30,143.500000000,247.166671753,23.726267947,7.105E-15,0.000000000,0.000000000,NaN,115.196252467
31,series04_masked.tif:z:4/23 t:31/95 - Mark_and_Find 001/mT8 Control005,156.236731855,8176.463989258,1125.553764565,7696.335898399,4589.557128906,10210.301757812,233.669705121,292.352895408,0,0,120.642483734,178.601043540,267.901565311,110.987791343,51.028869583,0,0,24.577666975,0.134893950,120.642481035,1277464.011811120,8355.979492188,0,0,0,784940.542968750,4,31,140.166671753,248.833328247,24.577664173,0.000000000,0.000000000,0.000000000,NaN,120.642483734
32,series04_masked.tif:z:4/23 t:32/95 - Mark_and_Find 001/mT8 Control005,162.746595682,8620.943457031,1269.654148162,8677.523299217,4278.202636719,10695.445312500,230.055156948,290.651929844,0,0,126.273541556,170.946713103,270.453008790,119.917843520,42.098817406,0,0,18.862065998,0.128261719,126.273547697,1403029.199200686,8885.755859375,0,0,0,862094.345703125,4,32,133.500000000,243.833328247,18.862065046,0.000000000,0.000000000,0.000000000,NaN,126.273541556
33,series04_masked.tif:z:4/23 t:33/95 - Mark_and_Find 001/mT8 Control005,166.001527596,8799.508970971,954.874962182,8930.957947731,5771.083496094,11697.294921875,227.928947560,294.053860972,0,0,129.237461503,164.568104405,285.761669665,128.847895697,19.135826094,0,0,7.943471811,0.124895017,129.237455077,1460731.931274671,8935.728515625,0,0,0,897549.915039062,4,33,128.500000000,237.500000000,7.943472208,0.000000000,0.000000000,0.000000000,NaN,129.237461503
34,series04_masked.tif:z:4/23 t:34/95 - Mark_and_Find 001/mT8 Control005,174.138857380,8475.639397452,1211.820381205,8305.068148613,4419.983886719,10775.137695312,225.802743038,292.565522187,0,0,135.332104690,162.016660926,269.177287050,128.847895697,48.477426104,0,0,20.029250764,0.119482385,135.332099420,1475938.160236900,8395.803710938,0,0,0,906893.415527344,4,34,127.166664124,247.500000000,20.029248653,0.000000000,0.000000000,0.000000000,NaN,135.332104690
35,series04_masked.tif:z:4/23 t:35/95 - Mark_and_Find 001/mT8 Control005,179.021255250,8574.411305930,977.326295893,8961.787713051,5231.916503906,10379.339843750,224.314404253,292.778139232,0,0,138.649298166,156.913773968,278.107339227,136.502226134,31.893043489,0,0,12.757532161,0.117025124,138.649288674,1535001.875021177,8621.809570312,0,0,0,943185.243652344,4,35,122.833335876,241.500000000,12.757533049,0.000000000,0.000000000,0.000000000,NaN,138.649298166
36,series04_masked.tif:z:4/23 t:36/95 - Mark_and_Find 001/mT8 Control005,180.648721207,8560.617121516,1027.220426651,8232.318466187,5202.000000000,11239.054687500,223.251304425,292.352895408,0,0,140.885611895,155.638052228,275.555895748,137.777947874,35.720208708,0,0,14.329850310,0.114369829,140.885610289,1546464.535746820,8588.553710938,0,0,0,950228.500488281,4,36,121.500000000,242.833328247,14.329847753,0.000000000,0.000000000,0.000000000,NaN,140.885611895
37,series04_masked.tif:z:4/23 t:37/95 - Mark_and_Find 001/mT8 Control005,180.648721207,8312.327680708,1009.981642900,8707.057785034,5675.000000000,10698.992187500,222.613443556,288.525739922,0,0,139.864723219,155.638052228,270.453008790,136.502226134,36.995930448,0,0,14.796762245,0.116045519,139.864723219,1501611.365775591,8477.360351562,0,0,0,922668.372558594,4,37,121.500000000,240.166671753,14.796762245,0.000000000,0.000000000,0.000000000,NaN,139.864723219
38,series04_masked.tif:z:4/23 t:38/95 - Mark_and_Find 001/mT8 Control005,180.648721207,8398.114275408,1018.343216999,8334.366630554,5141.138671875,11981.861328125,219.424134340,289.588834883,0,0,140.245606833,151.810887009,270.453008790,136.502226134,39.547373927,0,0,16.016985759,0.115416054,140.245607295,1517108.604404902,8507.909179688,0,0,0,932190.684570312,4,38,119.166664124,242.166671753,16.016991221,0.000000000,0.000000000,0.000000000,NaN,140.245606833
39,series04_masked.tif:z:4/23 t:39/95 - Mark_and_Find 001/mT8 Control005,185.531119078,8249.377848307,943.109242063,8611.531207085,5116.333496094,11484.807617188,216.022212946,291.715044271,0,0,144.472944615,146.708000051,270.453008790,140.329391353,43.374539146,0,0,16.941542393,0.111700104,144.472947719,1530516.303891431,8448.118164062,0,0,0,940429.074707031,4,39,115.166664124,245.166671753,16.941542018,0.000000000,0.000000000,0.000000000,NaN,144.472944615
40,series04_masked.tif:z:4/23 t:40/95 - Mark_and_Find 001/mT8 Control005,190.413516948,8462.189624232,935.000422879,8168.207261086,4684.416503906,10610.333007812,214.533874161,291.927661317,0,0,147.445080997,144.156556572,270.453008790,142.880834832,44.650260885,0,0,16.762554462,0.110064449,147.445076020,1611315.287432513,8586.690429688,0,0,0,990076.186035156,4,40,112.833335876,245.500000000,16.762552411,7.105E-15,0.000000000,0.000000000,NaN,147.445080997
41,series04_masked.tif:z:4/23 t:41/95 - Mark_and_Find 001/mT8 Control005,187.158585035,8498.998144531,924.374772824,8336.197497368,5949.833496094,10267.212890625,213.896013291,292.352895408,0,0,145.978965639,144.156556572,271.728730529,141.605113093,43.374539146,0,0,16.587338557,0.110366953,145.978964382,1590660.466941693,8700.266601562,0,0,0,977384.786621094,4,41,112.833335876,245.500000000,16.587341361,0.000000000,0.000000000,0.000000000,NaN,145.978965639
42,series04_masked.tif:z:4/23 t:42/95 - Mark_and_Find 001/mT8 Control005,192.040982905,8170.937379999,1057.743765331,8287.966447830,4697.839843750,10251.147460938,210.281465118,289.376217838,0,0,149.568664443,139.053669614,267.901565311,144.156556572,44.650260885,0,0,17.198541220,0.107875433,149.568657064,1569154.845710246,8374.427734375,0,0,0,964170.610839844,4,42,108.833335876,244.166671753,17.198544697,0.000000000,0.000000000,0.000000000,NaN,149.568664443
43,series04_masked.tif:z:4/23 t:43/95 - Mark_and_Find 001/mT8 Control005,192.040982905,8337.194931806,820.149400687,8185.210408211,4831.200683594,10180.898437500,210.281465118,289.376217838,0,0,149.568664443,139.053669614,267.901565311,144.156556572,44.650260885,0,0,17.198541220,0.107875433,149.568657064,1601083.109374733,8477.410156250,0,0,0,983789.001953125,4,43,108.833335876,244.166671753,17.198544697,0.000000000,0.000000000,0.000000000,NaN,149.568664443
44,series04_masked.tif:z:4/23 t:44/95 - Mark_and_Find 001/mT8 Control005,196.923380775,8416.684784188,663.766573798,8134.164592743,6561.664062500,10047.033203125,210.494087030,288.738356968,0,0,152.624051412,135.226504395,280.658782706,153.086608749,17.860104354,0,0,5.917092142,0.106233427,152.624050744,1657442.022623777,8519.638671875,0,0,0,1018418.858886719,4,44,105.500000000,232.500000000,5.917089719,0.000000000,0.000000000,0.000000000,NaN,152.624051412
45,series04_masked.tif:z:4/23 t:45/95 - Mark_and_Find 001/mT8 Control005,201.805778646,8422.927706811,621.351722090,8544.230012894,6122.743164062,9557.095703125,209.005748245,290.651939577,0,0,157.410254949,131.399339176,281.934504446,156.913773968,19.135826094,0,0,6.203447902,0.102347542,157.410260698,1699795.484351439,8531.237304688,0,0,0,1044443.035644531,4,45,102.500000000,234.500000000,6.203445298,0.000000000,0.000000000,0.000000000,NaN,157.410254949
46,series04_masked.tif:z:4/23 t:46/95 - Mark_and_Find 001/mT8 Control005,195.295914819,8434.445080566,840.158227152,8915.999524117,5187.354980469,10045.029296875,209.643609114,290.864556623,0,0,151.549204029,135.226504395,280.658782706,150.535165270,21.687269573,0,0,-172.097260657,0.106855210,151.549212240,1647212.667996927,8487.269531250,0,0,0,1012133.409667969,4,46,105.500000000,236.166671753,7.902743866,3.553E-15,0.000000000,0.000000000,NaN,151.549204029
47,series04_masked.tif:z:4/23 t:47/95 - Mark_and_Find 001/mT8 Control005,192.040982905,8523.982243942,765.364923807,8584.116012573,5390.466796875,10022.615234375,209.218370157,289.801451929,0,0,149.111565858,135.226504395,283.210226185,149.259443530,15.308660875,0,0,-174.435735153,0.108537827,149.111568458,1636953.928391488,8644.246093750,0,0,0,1005829.904785156,4,47,105.833335876,232.833328247,5.564262245,0.000000000,0.000000000,0.000000000,NaN,149.111565858
48,series04_masked.tif:z:4/23 t:48/95 - Mark_and_Find 001/mT8 Control005,198.550846732,8416.636614690,850.664746807,8389.807223320,5943.934082031,10741.968750000,206.666926678,287.037391404,0,0,153.771368324,130.123617437,283.210226185,154.362330488,10.205773917,0,0,-176.670756466,0.105518996,153.771371563,1671130.326484791,8520.937500000,0,0,0,1026829.666992188,4,48,101.833335876,228.500000000,3.329243463,0.000000000,0.000000000,0.000000000,NaN,153.771368324
49,series04_masked.tif:z:4/23 t:49/95 - Mark_and_Find 001/mT8 Control005,200.178312689,8677.605317899,868.473918168,8573.164440155,5433.888671875,10410.078125000,204.753344068,291.077183401,0,0,155.814554791,127.572173957,281.934504446,155.638052228,19.135826094,0,0,-173.418055345,0.103612187,155.814558014,1737068.390719152,8850.900390625,0,0,0,1067345.454101562,4,49,99.833335876,235.166671753,6.581944518,3.553E-15,0.000000000,0.000000000,NaN,155.814554791
50,series04_masked.tif:z:4/23 t:50/95 - Mark_and_Find 001/mT8 Control005,203.433244603,8422.755031250,896.430417496,8379.063672066,5145.666503906,10302.985351562,202.839761459,290.651939577,0,0,157.622062121,125.020730478,279.383060967,156.913773968,24.238713052,0,0,-171.935478441,0.102895831,157.622064423,1713468.384501464,8584.458007812,0,0,0,1052844.378906250,4,50,97.833335876,236.500000000,8.064519058,0.000000000,0.000000000,0.000000000,NaN,157.622062121
51,series04_masked.tif:z:4/23 t:51/95 - Mark_and_Find 001/mT8 Control005,206.688176516,8419.714074803,890.225487248,8213.309354782,5114.783203125,9936.805664062,200.713556937,291.289790714,0,0,161.171228718,121.193565260,283.210226185,160.740939186,17.860104354,0,0,-174.093858886,0.099988595,161.171235172,1740255.348910621,8467.683593750,0,0,0,1069303.687500000,4,51,94.500000000,234.833328247,5.906140876,3.553E-15,0.000000000,0.000000000,NaN,161.171228718
52,series04_masked.tif:z:4/23 t:52/95 - Mark_and_Find 001/mT8 Control005,213.198040344,8325.886756023,888.945876777,8142.942022324,5126.653320312,9820.695312500,198.799974328,292.778139232,0,0,165.304310513,117.366400041,283.210226185,164.568104405,20.411547833,0,0,-173.204055984,0.098044834,165.304318492,1775062.740507743,8405.276367188,0,0,0,1090691.165039062,4,52,91.500000000,237.166671753,6.795948216,0.000000000,0.000000000,0.000000000,NaN,165.304310513
53,series04_masked.tif:z:4/23 t:53/95 - Mark_and_Find 001/mT8 Control005,211.570574387,8550.496991436,823.094319898,8444.241021156,5712.038574219,10359.505859375,197.949486680,293.628617148,0,0,164.705947691,117.366400041,280.658782706,163.292382665,28.065878271,0,0,-170.489039621,0.098004624,164.705940219,1809033.559771442,8519.775390625,0,0,0,1111564.608886719,4,53,91.500000000,240.833328247,9.510958526,0.000000000,0.000000000,0.000000000,NaN,164.705947691
54,series04_masked.tif:z:4/23 t:54/95 - Mark_and_Find 001/mT8 Control005,211.570574387,8524.602264874,1104.976321779,8535.796259880,4763.138183594,11736.426757812,196.248530849,289.588834883,0,0,164.671360421,114.814956562,283.210226185,164.568104405,14.032939135,0,0,-175.408380291,0.098045797,164.671367928,1803554.997599023,8536.469726562,0,0,0,1108198.294433594,4,54,89.500000000,232.166671753,4.591624029,0.000000000,0.000000000,0.000000000,NaN,164.671360421
55,series04_masked.tif:z:4/23 t:55/95 - Mark_and_Find 001/mT8 Control005,208.315642473,8498.432956696,1024.671715236,8274.564769745,5877.194335938,11332.543945312,194.972809109,288.950974014,0,0,162.236944283,114.814956562,281.934504446,162.016660926,15.308660875,0,0,-174.887150220,0.099456285,162.236951902,1770356.521389731,8542.162109375,0,0,0,1087799.418457031,4,55,89.500000000,232.166671753,5.112854141,0.000000000,0.000000000,0.000000000,NaN,162.236944283
56,series04_masked.tif:z:5/23 t:56/95 - Mark_and_Find 001/mT8 Control005,214.825506301,8192.223026160,1217.097572665,8032.861158371,5011.009765625,10762.637695312,190.295156242,286.612147580,0,0,167.545328109,119.917843520,242.387130519,142.880834832,90.576243510,0,0,32.036212250,0.096168106,167.545326050,1759898.459321620,8381.496093750,0,0,0,1081373.439453125,5,56,93.500000000,259.500000000,32.036215308,1.421E-14,0.000000000,0.000000000,NaN,167.545328109
57,series04_masked.tif:z:5/23 t:57/95 - Mark_and_Find 001/mT8 Control005,216.452972257,8141.662828947,1202.845408348,8133.473029137,3921.755371094,11231.583984375,192.421360764,287.037401137,0,0,168.228204655,123.745008739,238.559965300,139.053669614,98.230573947,0,0,35.015750071,0.096111598,168.228200407,1762287.118442790,8334.733398438,0,0,0,1082841.156250000,5,57,96.833335876,262.833343506,35.015753783,0.000000000,0.000000000,0.000000000,NaN,168.228204655
58,series04_masked.tif:z:5/23 t:58/95 - Mark_and_Find 001/mT8 Control005,222.962836085,7848.349602247,1021.481948391,7526.599273682,4652.000000000,10378.828125000,190.082534330,284.698564971,0,0,173.767370974,118.642121780,234.732800082,144.156556572,100.782017426,0,0,34.934586598,0.092791006,173.767357167,1749890.285900642,7997.254882812,0,0,0,1075223.895507812,5,58,93.166664124,262.166656494,34.934581948,0.000000000,0.000000000,0.000000000,NaN,173.767370974
59,series04_masked.tif:z:5/23 t:59/95 - Mark_and_Find 001/mT8 Control005,227.845233955,8217.481853376,820.623210318,8491.730787277,4793.390625000,9869.932617188,191.358256070,283.635460277,0,0,177.076835754,118.642121780,233.457078342,146.708000051,102.057739166,0,0,35.025836315,0.091311674,177.076825649,1872314.075404257,8338.298828125,0,0,0,1150447.459472656,5,59,93.166664124,262.166656494,35.025833479,0.000000000,0.000000000,0.000000000,NaN,177.076835754
60,series04_masked.tif:z:5/23 t:60/95 - Mark_and_Find 001/mT8 Control005,229.472699912,8612.194529865,929.228436722,8180.698906898,4845.591308594,10633.981445312,191.570877982,285.123808795,0,0,178.457213811,119.917843520,233.457078342,145.432278311,105.884904385,0,0,35.886844425,0.090546710,178.457208554,1976263.530934750,8611.011718750,0,0,0,1214319.428710938,5,60,93.500000000,264.500000000,35.886845646,1.421E-14,0.000000000,0.000000000,NaN,178.457213811
61,series04_masked.tif:z:5/23 t:61/95 - Mark_and_Find 001/mT8 Control005,226.217767998,8379.613369070,819.165654505,8694.171197891,4735.500000000,10543.063476562,189.232061281,283.848087055,0,0,176.228746789,119.917843520,230.905634863,140.329391353,108.436347864,0,0,37.450578232,0.091534133,176.228751941,1895617.433039615,8410.004882812,0,0,0,1164766.258300781,5,61,93.500000000,264.500000000,37.450576949,0.000000000,0.000000000,0.000000000,NaN,176.228746789
62,series04_masked.tif:z:5/23 t:62/95 - Mark_and_Find 001/mT8 Control005,227.845233955,8577.034504046,961.866888491,8364.513743401,4584.916503906,11999.298828125,189.657300239,285.761669665,0,0,176.888836521,125.020730478,225.802747905,130.123617437,122.469286999,0,0,43.246595140,0.091505872,176.888843611,1954236.433215258,8676.826171875,0,0,0,1200784.830566406,5,62,98.166664124,271.500000000,43.246592980,1.421E-14,0.000000000,0.000000000,NaN,176.888836521
63,series04_masked.tif:z:5/23 t:63/95 - Mark_and_Find 001/mT8 Control005,213.198040344,8733.111894680,1291.248067465,8063.587550163,3943.062011719,11785.846679688,190.933021978,284.273330879,0,0,165.346421036,151.810887009,211.769808769,80.370469593,146.708000051,0,0,-61.589463220,0.097994900,165.346436614,1861882.342048099,8798.641601562,0,0,0,1144037.658203125,5,63,118.833335876,165.833328247,118.410532582,0.000000000,0.000000000,0.000000000,NaN,165.346421036
64,series04_masked.tif:z:5/23 t:64/95 - Mark_and_Find 001/mT8 Control005,213.198040344,8731.570737417,1215.017153092,8636.233339310,3860.431640625,11722.844726562,190.933021978,284.273330879,0,0,165.346421036,151.810887009,211.769808769,80.370469593,146.708000051,0,0,-61.589463220,0.097994900,165.346436614,1861553.770339588,8803.717773438,0,0,0,1143835.766601562,5,64,118.833335876,165.833328247,118.410532582,0.000000000,0.000000000,0.000000000,NaN,165.346421036
65,series04_masked.tif:z:5/23 t:65/95 - Mark_and_Find 001/mT8 Control005,227.845233955,8346.245832171,947.786159607,8517.444783211,5211.612792969,10949.192382812,189.869917284,286.399540267,0,0,177.071729717,144.156556572,210.494087030,93.127686989,153.086608749,0,0,58.753070587,0.091316941,177.071730216,1901652.334277712,8485.033203125,0,0,0,1168474.416503906,5,65,112.833335876,283.833343506,58.753074368,0.000000000,0.000000000,0.000000000,NaN,177.071729717
66,series04_masked.tif:z:5/23 t:66/95 - Mark_and_Find 001/mT8 Control005,229.472699912,8444.264523770,979.116004079,8346.827136040,5338.331542969,10291.224609375,186.893239714,285.761669665,0,0,178.765495434,146.708000051,206.666921811,81.646191333,160.740939186,0,0,63.130186913,0.090234683,178.765496900,1937728.179039938,8632.107421875,0,0,0,1190641.297851562,5,66,114.833335876,286.500000000,63.130185985,1.421E-14,0.000000000,0.000000000,NaN,178.765495434
67,series04_masked.tif:z:5/23 t:67/95 - Mark_and_Find 001/mT8 Control005,232.727631826,8455.346208479,928.479018512,8557.578544617,5489.151367188,11160.756835938,186.680612936,284.273330879,0,0,181.236816755,146.708000051,202.839756592,81.646191333,164.568104405,0,0,63.675433369,0.089035861,181.236806623,1967792.699364591,8566.686523438,0,0,0,1209114.507812500,5,67,114.833335876,286.500000000,63.675435217,0.000000000,0.000000000,0.000000000,NaN,181.236816755
68,series04_masked.tif:z:5/23 t:68/95 - Mark_and_Find 001/mT8 Control005,235.982563739,8547.765204068,871.692752582,8668.744115829,4933.138671875,10060.833007812,188.168961454,284.698574704,0,0,184.162067815,153.086608749,200.288313113,71.440417416,170.946713103,0,0,67.461549959,0.087435825,184.162081045,2017123.547096744,8668.394531250,0,0,0,1239425.954589844,5,68,119.833335876,289.833343506,67.461550574,0.000000000,0.000000000,0.000000000,NaN,184.162067815
69,series04_masked.tif:z:5/23 t:69/95 - Mark_and_Find 001/mT8 Control005,237.610029696,8504.737976910,865.216902684,8354.277751923,5057.677734375,10415.960937500,185.830135020,286.824764626,0,0,184.936634396,151.810887009,201.564034853,70.164695677,172.222434843,0,0,68.271983872,0.087302913,184.936621140,2020811.043250625,8637.480468750,0,0,0,1241691.744628906,5,69,118.833335876,292.166656494,68.271983317,0.000000000,0.000000000,0.000000000,NaN,184.936634396
70,series04_masked.tif:z:5/23 t:70/95 - Mark_and_Find 001/mT8 Control005,239.237495653,8476.268544723,857.370122949,8641.792030334,5320.303710938,10193.088867188,186.042752066,286.399520801,0,0,185.884132079,151.810887009,200.288313113,70.164695677,173.498156582,0,0,68.247270009,0.087007056,185.884122446,2027841.259120485,8581.325195312,0,0,0,1246011.476074219,5,70,118.833335876,292.166656494,68.247272054,7.105E-15,0.000000000,0.000000000,NaN,185.884132079
71,series04_masked.tif:z:5/23 t:71/95 - Mark_and_Find 001/mT8 Control005,235.982563739,8463.703983702,848.523553912,8374.609774590,5643.103027344,10198.580078125,186.255369111,285.336425840,0,0,183.752157475,151.810887009,200.288313113,70.164695677,172.222434843,0,0,68.124724058,0.087826360,183.752162287,1997286.564803639,8545.123046875,0,0,0,1227237.077636719,5,71,119.166664124,290.500000000,68.124725750,0.000000000,0.000000000,0.000000000,NaN,183.752157475
72,series04_masked.tif:z:5/23 t:72/95 - Mark_and_Find 001/mT8 Control005,239.237495653,8470.877198926,995.259282416,8614.008467674,5257.595214844,10929.158203125,186.255369111,283.848087055,0,0,186.517809130,151.810887009,197.736869634,70.164695677,174.773878322,0,0,68.465419057,0.086416864,186.517807939,2026551.447054020,8614.373046875,0,0,0,1245218.948242188,5,72,119.166664124,290.500000000,68.465419984,0.000000000,0.000000000,0.000000000,NaN,186.517809130
73,series04_masked.tif:z:5/23 t:73/95 - Mark_and_Find 001/mT8 Control005,240.864961610,8448.045423353,1001.700418141,9157.009871483,4932.786621094,10380.651367188,186.255369111,284.273321146,0,0,187.309183618,151.810887009,197.736869634,70.164695677,174.773878322,0,0,68.560911440,0.086271103,187.309170353,2034838.136572725,8556.623046875,0,0,0,1250310.722656250,5,73,119.166664124,291.166656494,68.560910913,0.000000000,0.000000000,0.000000000,NaN,187.309183618
74,series04_masked.tif:z:6/23 t:74/95 - Mark_and_Find 001/mT8 Control005,240.864961610,8426.423468512,1086.820466785,7171.942636490,5012.155273438,11259.675781250,186.255369111,284.273321146,0,0,187.309183618,151.810887009,197.736869634,70.164695677,174.773878322,0,0,68.560911440,0.086271103,187.309170353,2029630.165250122,8439.810546875,0,0,0,1247110.673339844,6,74,119.166664124,291.166656494,68.560910913,0.000000000,0.000000000,0.000000000,NaN,187.309183618
75,series04_masked.tif:z:6/23 t:75/95 - Mark_and_Find 001/mT8 Control005,242.492427566,8332.787233903,992.439928548,8535.533105850,5689.682617188,10530.464843750,183.916552411,282.784982361,0,0,188.448758669,151.810887009,193.909704415,65.061808718,178.601043540,0,0,70.215721296,0.085806756,188.448743646,2020637.804744285,8401.913085938,0,0,0,1241585.297851562,6,75,119.166664124,291.166656494,70.215716508,0.000000000,0.000000000,0.000000000,NaN,188.448758669
76,series04_masked.tif:z:6/23 t:76/95 - Mark_and_Find 001/mT8 Control005,244.119893523,8393.148336589,976.873062297,8232.465552330,4892.858886719,10728.622070312,184.129169456,281.721877667,0,0,190.593662812,151.810887009,192.633982676,66.337530458,179.876765280,0,0,70.311779560,0.084449313,190.593651686,2048934.478253423,8402.906250000,0,0,0,1258972.250488281,6,76,119.166664124,291.166656494,70.311777328,0.000000000,0.000000000,0.000000000,NaN,190.593662812
77,series04_masked.tif:z:6/23 t:77/95 - Mark_and_Find 001/mT8 Control005,242.492427566,8284.702056680,966.053709093,8441.358272552,4870.443359375,10139.343750000,179.509345116,279.550847886,0,0,189.265862790,128.847895697,199.012591374,102.057739166,162.016660926,0,0,57.831779043,0.085067460,189.265874154,2008977.513389477,8476.144531250,0,0,0,1234420.606445312,6,77,101.218093872,281.923980713,57.831780465,1.421E-14,0.000000000,0.000000000,NaN,189.265862790
78,series04_masked.tif:z:6/23 t:78/95 - Mark_and_Find 001/mT8 Control005,245.747359480,8341.763474622,852.683846062,8667.172476768,5059.375488281,10262.733398438,178.784403235,278.100973855,0,0,190.968654087,128.847895697,196.461147894,100.782017426,164.568104405,0,0,58.663229340,0.084678772,190.968657081,2049966.347296326,8476.417968750,0,0,0,1259606.284667969,6,78,101.218093872,281.923980713,58.663231579,0.000000000,0.000000000,0.000000000,NaN,190.968654087
79,series04_masked.tif:z:6/23 t:79/95 - Mark_and_Find 001/mT8 Control005,245.747359480,8234.182963188,906.028589791,8821.869343758,4387.700683594,10346.478515625,178.065125950,275.293251162,0,0,191.256566864,132.675060916,191.358260936,93.127686989,169.670991363,0,0,61.228267974,0.084424017,191.256558694,2023528.720679851,8374.983398438,0,0,0,1243361.627441406,6,79,103.500000000,281.500000000,61.228267442,0.000000000,0.000000000,0.000000000,NaN,191.256566864
80,series04_masked.tif:z:6/23 t:80/95 - Mark_and_Find 001/mT8 Control005,250.629757351,8396.573984121,1094.895492231,9038.837856293,4416.762695312,10795.475585938,176.049595195,274.492791054,0,0,194.610179437,130.123617437,188.806817457,93.127686989,173.498156582,0,0,61.979064523,0.083159408,194.610183640,2104431.300216764,8461.832031250,0,0,0,1293072.393554688,6,80,102.166664124,282.500000000,61.979066263,0.000000000,0.000000000,0.000000000,NaN,194.610179437
81,series04_masked.tif:z:6/23 t:81/95 - Mark_and_Find 001/mT8 Control005,253.884689264,8690.667302058,881.663172544,8855.289838791,4684.746093750,10440.321289062,177.537943713,273.854930184,0,0,197.145220163,130.123617437,187.531095717,95.679130468,174.773878322,0,0,61.389540334,0.082086903,197.145230520,2206427.367482070,8807.849609375,0,0,0,1355744.099121094,6,81,102.166664124,282.500000000,61.389538754,0.000000000,0.000000000,0.000000000,NaN,197.145220163
82,series04_masked.tif:z:6/23 t:82/95 - Mark_and_Find 001/mT8 Control005,258.767087135,8556.392528990,772.154185650,8825.003730774,5392.426757812,10702.032226562,181.152482153,273.642313139,0,0,201.074053787,130.123617437,187.531095717,103.333460906,174.773878322,0,0,59.638897196,0.080427919,201.074052147,2214112.771107956,8687.806640625,0,0,0,1360466.412109375,6,82,102.166664124,282.500000000,59.638897994,0.000000000,0.000000000,0.000000000,NaN,201.074053787
83,series04_masked.tif:z:6/23 t:83/95 - Mark_and_Find 001/mT8 Control005,257.139621178,8519.520529445,768.731276369,8221.325560570,5733.678222656,10202.714843750,179.876765280,272.366591399,0,0,200.292375880,133.950782655,183.703930499,94.403408728,178.601043540,0,0,62.292449400,0.080547122,200.292375880,2190706.281558857,8663.419921875,0,0,0,1346084.243652344,6,83,104.500000000,283.000000000,62.292449400,0.000000000,0.000000000,0.000000000,NaN,200.292375880
84,series04_masked.tif:z:6/23 t:84/95 - Mark_and_Find 001/mT8 Control005,260.394553092,8515.692398071,743.450998837,8439.836536407,5921.773437500,10509.845703125,183.385000064,270.134078355,0,0,202.355768899,135.226504395,181.152487020,98.230573947,179.876765280,0,0,61.576922090,0.079911739,202.355768899,2217439.916260807,8520.101562500,0,0,0,1362510.783691406,6,84,106.000000000,281.500000000,61.576922090,0.000000000,0.000000000,0.000000000,NaN,202.355768899
85,series04_masked.tif:z:6/23 t:85/95 - Mark_and_Find 001/mT8 Control005,262.022019048,8509.025281444,823.793923231,8756.533309937,5149.978515625,10831.689453125,184.022860934,269.177287050,0,0,204.646007372,135.226504395,179.876765280,99.506295687,181.152487020,0,0,61.517814253,0.078621459,204.646007372,2229551.984377549,8634.957031250,0,0,0,1369953.070312500,6,85,106.000000000,281.500000000,61.517814253,1.421E-14,0.000000000,0.000000000,NaN,204.646007372
86,series04_masked.tif:z:6/23 t:86/95 - Mark_and_Find 001/mT8 Control005,265.276950962,8534.591835818,966.969894119,8720.339775085,4751.029296875,11328.009765625,184.341791368,267.901565311,0,0,207.193863348,135.226504395,177.325321801,99.506295687,183.703930499,0,0,61.699244234,0.077652529,207.193863348,2264030.499910955,8634.980468750,0,0,0,1391138.469238281,6,86,106.000000000,281.500000000,61.699244234,0.000000000,0.000000000,0.000000000,NaN,207.193863348
87,series04_masked.tif:z:7/23 t:87/95 - Mark_and_Find 001/mT8 Control005,270.159348832,8522.418042286,1029.393954182,9089.639761925,4975.404785156,11881.923828125,184.660721803,267.263704441,0,0,210.170074941,126.296452218,179.876765280,118.642121780,176.049600061,0,0,56.261703715,0.076857828,210.170074941,2302410.908782203,8597.839843750,0,0,0,1414721.395019531,7,87,99.000000000,278.000000000,56.261703715,0.000000000,0.000000000,0.000000000,NaN,210.170074941
88,series04_masked.tif:z:7/23 t:88/95 - Mark_and_Find 001/mT8 Control005,270.159348832,8477.795804311,1062.152683826,8836.210403442,4479.121093750,11652.207031250,184.660721803,267.263704441,0,0,210.170074941,126.296452218,179.876765280,118.642121780,176.049600061,0,0,56.261703715,0.076857828,210.170074941,2290355.794027337,8485.765625000,0,0,0,1407314.103515625,7,88,99.000000000,278.000000000,56.261703715,0.000000000,0.000000000,0.000000000,NaN,210.170074941
89,series04_masked.tif:z:7/23 t:89/95 - Mark_and_Find 001/mT8 Control005,270.159348832,8488.866207996,1169.661463225,9080.032193184,4711.371582031,10941.884765625,184.660721803,267.263704441,0,0,210.170074941,126.296452218,179.876765280,118.642121780,176.049600061,0,0,56.261703715,0.076857828,210.170074941,2293346.567078204,8587.931640625,0,0,0,1409151.790527344,7,89,99.000000000,278.000000000,56.261703715,0.000000000,0.000000000,0.000000000,NaN,210.170074941
90,series04_masked.tif:z:7/23 t:90/95 - Mark_and_Find 001/mT8 Control005,270.159348832,8471.691320948,1069.810740692,8485.332441330,4643.557617188,11135.269531250,184.660721803,267.263704441,0,0,210.170074941,126.296452218,179.876765280,118.642121780,176.049600061,0,0,56.261703715,0.076857828,210.170074941,2288706.610776993,8628.028320312,0,0,0,1406300.759277344,7,90,99.000000000,278.000000000,56.261703715,0.000000000,0.000000000,0.000000000,NaN,210.170074941
91,series04_masked.tif:z:7/23 t:91/95 - Mark_and_Find 001/mT8 Control005,275.041746703,8526.609360554,1126.363965711,8806.913770676,4580.821289062,12449.037109375,190.745890753,261.789854513,0,0,214.052114174,103.333460906,199.012591374,176.049600061,126.296452218,0,0,35.627907291,0.075434400,214.052126950,2345173.531980360,8692.713867188,0,0,0,1440996.981933594,7,91,81.329078674,254.079360962,35.627909233,1.421E-14,0.000000000,0.000000000,NaN,214.052114174
92,series04_masked.tif:z:7/23 t:92/95 - Mark_and_Find 001/mT8 Control005,279.924144573,8575.223124659,993.518679177,9039.641035080,5787.424804688,10942.640625000,192.099709960,260.616786560,0,0,217.619869776,103.333460906,197.736869634,178.601043540,127.572173957,0,0,35.714716235,0.074276791,217.619860230,2400411.997696361,8696.650390625,0,0,0,1474938.377441406,7,92,81.329078674,254.079360962,35.714718486,1.421E-14,0.000000000,0.000000000,NaN,217.619869776
93,series04_masked.tif:z:7/23 t:93/95 - Mark_and_Find 001/mT8 Control005,279.924144573,8618.849302780,1063.262598529,8631.467100143,4140.660156250,11172.137695312,189.763608762,263.117608787,0,0,218.303165072,102.057739166,199.012591374,177.325321801,130.123617437,0,0,35.965831218,0.073812541,218.303165072,2412624.018287736,8810.097656250,0,0,0,1482442.080078125,7,93,79.500000000,256.500000000,35.965831218,0.000000000,0.000000000,0.000000000,NaN,218.303165072
94,series04_masked.tif:z:7/23 t:94/95 - Mark_and_Find 001/mT8 Control005,286.434008401,8627.143859863,912.064333406,8738.434767723,5644.530761719,10488.808593750,189.444678327,263.755469657,0,0,223.711002199,98.230573947,199.012591374,183.703930499,131.399339176,0,0,35.366759500,0.071921669,223.711002199,2471107.396830085,8738.351562500,0,0,0,1518377.319335938,7,94,77.000000000,257.500000000,35.366759500,0.000000000,0.000000000,0.000000000,NaN,223.711002199
95,series04_masked.tif:z:7/23 t:95/95 - Mark_and_Find 001/mT8 Control005,286.434008401,8676.145385742,926.528377912,8636.665662766,5118.356445312,11183.589843750,189.444678327,263.755469657,0,0,223.711002199,98.230573947,199.012591374,183.703930499,131.399339176,0,0,35.366759500,0.071921669,223.711002199,2485143.100305330,8786.259765625,0,0,0,1527001.587890625,7,95,77.000000000,257.500000000,35.366759500,0.000000000,0.000000000,0.000000000,NaN,223.711002199
