 ,Label,Area,Mean,StdDev,Mode,Min,Max,X,Y,XM,YM,Perim.,BX,BY,Width,Height,Major,Minor,Angle,Circ.,Feret,IntDen,Median,Skew,Kurt,%Area,RawIntDen,Slice,Frame,FeretX,FeretY,FeretAngle,MinFeret,AR,Round,Solidity,Length
1,series04_masked.tif:z:10/23 t:1/95 - Mark_and_Find 001/mT8 Control005,92.76555954,7906.410936,1105.842546,8579.914576,6442.722656,12232.36426,526.8730784,410.3040045,0,0,71.99991428,491.1528697,404.4037914,72.71613916,14.03293914,0,0,10.46374878,0.224870597,71.99991428,733442.6344,7551.823242,0,0,0,450665.4233,10,1,385.25,326.75,10.46374878,0,0,0,NaN,71.99991428
2,series04_masked.tif:z:10/23 t:2/95 - Mark_and_Find 001/mT8 Control005,94.3930255,7451.059166,935.4881946,6765.925745,5802.698242,10017.84766,527.3514741,411.8986567,0,0,72.09379978,492.4285915,405.6795132,71.44041742,14.03293914,0,0,9.420652558,0.228220125,72.09379978,703328.0178,7320.292969,0,0,0,432161.4316,10,2,385.5,327.5,9.420652558,1.78E-15,0,0,NaN,72.09379978
3,series04_masked.tif:z:10/23 t:3/95 - Mark_and_Find 001/mT8 Control005,92.76555954,7208.39448,1112.10195,7149.868345,5028.518555,9690.025391,526.7136132,413.6527741,0,0,71.19010259,492.4285915,404.4037914,70.16469568,20.41154783,0,0,15.59281094,0.230015655,71.19010259,668690.7473,7136.808105,0,0,0,410878.4854,10,3,386,331.75,15.59281094,0,0,0,NaN,71.19010259
4,series04_masked.tif:z:10/23 t:4/95 - Mark_and_Find 001/mT8 Control005,89.51062763,7472.060005,1096.910162,7007.249867,5101.26123,9516.945313,526.3946828,413.1743784,0,0,69.0909624,493.7043132,404.4037914,67.6132522,19.13582609,0,0,15.2551187,0.235636185,69.0909624,668828.7807,7553.930664,0,0,0,410963.3003,10,4,386.5,331,15.2551187,0,0,0,NaN,69.0909624
5,series04_masked.tif:z:10/23 t:5/95 - Mark_and_Find 001/mT8 Control005,87.88316167,7182.249512,1085.534639,6784.554962,5188.838867,9857.448242,526.554148,413.8122393,0,0,67.8752604,494.980035,403.1280697,65.06180872,22.96299131,0,0,18.349814,0.239713514,67.8752604,631198.795,6991.197266,0,0,0,387841.4736,10,5,387.5,332.75,18.349814,3.55E-15,0,0,NaN,67.8752604
6,series04_masked.tif:z:10/23 t:6/95 - Mark_and_Find 001/mT8 Control005,84.62822976,6958.99077,976.5137418,5587.578386,5578.366211,10295,526.554148,414.6095654,0,0,65.5632859,496.2557567,404.4037914,62.51036524,22.96299131,0,0,19.31635282,0.24740228,65.5632859,588927.0697,6838.529297,0,0,0,361867.52,10,6,388.5,333.5,19.31635282,0,0,0,NaN,65.5632859
7,series04_masked.tif:z:10/23 t:7/95 - Mark_and_Find 001/mT8 Control005,87.88316167,7675.377884,1802.906218,5217.70972,5200.742676,13887.86914,527.0325437,413.8122393,0,0,67.22853855,496.2557567,401.852348,63.78608698,25.51443479,0,0,20.84236267,0.244347666,67.22853855,674536.4755,7372.70459,0,0,0,414470.4058,10,7,388.5,333.75,20.84236267,0,0,0,NaN,67.22853855
8,series04_masked.tif:z:10/23 t:8/95 - Mark_and_Find 001/mT8 Control005,94.3930255,7447.194967,1503.143672,8471.014518,4308.880371,11074,527.989335,412.6959828,0,0,72.11284432,493.7043132,401.852348,70.16469568,22.96299131,0,0,18.03428557,0.228099598,72.11284432,702963.2644,7754.029297,0,0,0,431937.3081,10,8,387,332.25,18.03428557,0,0,0,NaN,72.11284432
9,series04_masked.tif:z:10/23 t:9/95 - Mark_and_Find 001/mT8 Control005,104.1578212,7741.381702,1319.292351,8156.724032,3959.311279,10654.25,528.1488002,413.0149132,0,0,79.91355589,489.877148,401.852348,77.81902611,24.23871305,0,0,16.69924423,0.204956096,79.91355589,806325.4515,7990.541504,0,0,0,495448.429,10,9,384,332.75,16.69924423,0,0,0,NaN,79.91355589
10,series04_masked.tif:z:10/23 t:10/95 - Mark_and_Find 001/mT8 Control005,109.0402191,7917.868346,1282.001527,8906.160604,3655.168945,10102.42969,527.8298697,412.3770523,0,0,84.31835525,488.6014263,399.3009045,80.37046959,28.06587827,0,0,18.98321706,0.192731334,84.31835525,863366.0993,8290.075195,0,0,0,530497.1792,10,10,382.5,334,18.98321706,0,0,0,NaN,84.31835525
11,series04_masked.tif:z:9/23 t:11/95 - Mark_and_Find 001/mT8 Control005,105.7852872,7714.19227,719.9099075,7636.315708,6206.75,10295.78711,527.6704045,412.0581219,0,0,81.59945963,491.1528697,394.1980175,75.26758264,36.99593045,0,0,25.46334506,0.199645979,81.59945963,816048.0448,7719.892578,0,0,0,501422.4976,9,11,384.75,336.75,25.46334506,0,0,0,NaN,81.59945963
12,series04_masked.tif:z:9/23 t:12/95 - Mark_and_Find 001/mT8 Control005,110.6676851,7808.161887,691.3843945,8057.06769,5393.5,10699.90723,528.1488002,411.2607958,0,0,85.72823987,489.877148,392.9222958,77.81902611,38.27165219,0,0,25.80242361,0.1892269,85.72823987,864111.2006,7915.856445,0,0,0,530955.0083,9,12,383.75,337,25.80242361,0,0,0,NaN,85.72823987
13,series04_masked.tif:z:9/23 t:13/95 - Mark_and_Find 001/mT8 Control005,112.295151,7736.10164,799.1875766,7775.745655,5883,10704.32227,527.0325437,410.9418654,0,0,87.16666939,487.3257045,392.9222958,80.37046959,38.27165219,0,0,25.34617594,0.185724827,87.16666939,868726.702,7785.417969,0,0,0,533791.0132,9,13,382.25,336.75,25.34617594,0,0,0,NaN,87.16666939
14,series04_masked.tif:z:9/23 t:14/95 - Mark_and_Find 001/mT8 Control005,117.1775489,7799.319811,672.2250483,7920.892622,5459,9820.553711,526.8730784,410.4634697,0,0,91.01986296,486.0499828,391.646574,82.92191307,39.54737393,0,0,25.30797876,0.177738667,91.01986296,913905.1784,7942.610352,0,0,0,561551.0264,9,14,380.75,337,25.30797876,0,0,0,NaN,91.01986296
15,series04_masked.tif:z:9/23 t:15/95 - Mark_and_Find 001/mT8 Control005,122.0599468,7906.815977,665.9444334,8200.873348,5915.75,9035.705078,525.5973567,409.6661436,0,0,95.0203977,484.774261,386.5436871,82.92191307,48.4774261,0,0,30.00726646,0.169882777,95.0203977,965105.5372,8047.382813,0,0,0,593011.1982,9,15,379.75,339.75,30.00726646,0,0,0,NaN,95.0203977
16,series04_masked.tif:z:9/23 t:16/95 - Mark_and_Find 001/mT8 Control005,122.0599468,8015.655964,658.96745,8628.772844,5453.1875,9352.227539,524.9594958,409.9850741,0,0,94.24218965,484.774261,386.5436871,81.64619133,48.4774261,0,0,30.73098332,0.172699987,94.24218965,978390.5402,8048.776855,0,0,0,601174.1973,9,16,379.75,340.25,30.73098332,0,0,0,NaN,94.24218965
17,series04_masked.tif:z:9/23 t:17/95 - Mark_and_Find 001/mT8 Control005,128.5698106,8022.600512,584.6310117,8033.942602,6324.892578,9085.250977,523.6837741,410.3040045,0,0,99.28986227,482.2228176,383.9922436,85.47335655,53.58031306,0,0,32.00538321,0.163884942,99.28986227,1031464.228,8036.699707,0,0,0,633785.4404,9,17,377.5,342.25,32.00538321,0,0,0,NaN,99.28986227
18,series04_masked.tif:z:9/23 t:18/95 - Mark_and_Find 001/mT8 Control005,131.8247425,8031.883409,750.3915579,7973.148505,5959.003418,10202.79883,521.7701915,410.7824001,0,0,102.4754804,479.6713741,381.4408001,85.47335655,59.95892176,0,0,35.37184387,0.157749093,102.4754804,1058800.962,8004.405273,0,0,0,650582.5562,9,18,376.25,345.25,35.37184387,7.11E-15,0,0,NaN,102.4754804
19,series04_masked.tif:z:9/23 t:19/95 - Mark_and_Find 001/mT8 Control005,118.8050148,8048.000294,701.8529585,8022.976566,4728.5,10295.4043,521.2917958,409.0282828,0,0,92.19792908,484.774261,380.1650784,73.9918609,58.68320002,0,0,38.25741339,0.175631457,92.19792908,956142.7945,8072.549316,0,0,0,587504.0215,9,19,380.25,343,38.25741339,0,0,0,NaN,92.19792908
20,series04_masked.tif:z:9/23 t:20/95 - Mark_and_Find 001/mT8 Control005,128.5698106,8005.704312,619.2364455,8004.107,5150.25,9591.510742,521.4512611,410.1445393,0,0,99.07398272,483.4985393,377.6136349,76.54330437,66.33753046,0,0,40.56128363,0.164599922,99.07398272,1029291.887,8046.361328,0,0,0,632450.6406,9,20,379.25,346.75,40.56128363,0,0,0,NaN,99.07398272
21,series04_masked.tif:z:9/23 t:21/95 - Mark_and_Find 001/mT8 Control005,135.0796744,7922.308723,658.4694666,7535.818068,5181,8675.686523,519.6971437,410.4634697,0,0,104.1165001,480.9470958,376.3379132,79.09474785,70.16469568,0,0,41.89589416,0.156588819,104.1165001,1070142.883,8087.30127,0,0,0,657551.624,9,21,377,349,41.89589416,0,0,0,NaN,104.1165001
22,series04_masked.tif:z:9/23 t:22/95 - Mark_and_Find 001/mT8 Control005,139.9620723,7976.353402,476.0092919,8004.265249,5983.375,8757.358398,519.0592828,413.3338436,0,0,108.9365715,479.6713741,375.0621914,80.37046959,77.81902611,0,0,44.16968451,0.148208401,108.9365715,1116386.951,8078.078125,0,0,0,685966.3926,9,22,376.25,353.75,44.16968451,0,0,0,NaN,108.9365715
23,series04_masked.tif:z:9/23 t:23/95 - Mark_and_Find 001/mT8 Control005,149.726868,7976.862814,630.1572166,8045.391415,5774.701172,9265.972656,517.6240958,412.5365175,0,0,116.1471783,475.8442089,372.510748,84.19763481,81.64619133,0,0,44.44374777,0.139473686,116.1471783,1194350.686,8072.852539,0,0,0,733871.3789,9,23,373.25,355.25,44.44374777,0,0,0,NaN,116.1471783
24,series04_masked.tif:z:9/23 t:24/95 - Mark_and_Find 001/mT8 Control005,157.8641978,8051.801506,512.9936809,8075.593405,6492.5,9828.071289,513.9563958,410.3040045,0,0,122.2839345,472.0170436,366.1321393,85.47335655,90.57624351,0,0,46.69089726,0.132664494,122.2839345,1271091.186,8071.755859,0,0,0,781024.7461,9,24,370,356.5,46.69089726,0,0,0,NaN,122.2839345
25,series04_masked.tif:z:9/23 t:25/95 - Mark_and_Find 001/mT8 Control005,159.4916638,8028.719298,691.4862353,8227.037989,5830,9880.44043,511.883348,410.7824001,0,0,123.6660729,469.4656002,366.1321393,85.47335655,91.85196525,0,0,47.09015915,0.131052923,123.6660729,1280513.799,8072.009766,0,0,0,786814.4912,9,25,368.25,357.5,47.09015915,0,0,0,NaN,123.6660729
26,series04_masked.tif:z:9/23 t:26/95 - Mark_and_Find 001/mT8 Control005,159.4916638,7944.320133,596.8710477,8318.21763,5867.1875,9402.194336,513.1590697,412.0581219,0,0,124.075007,470.7413219,367.407861,86.74907829,90.57624351,0,0,46.45812316,0.130190482,124.075007,1267052.836,8051.290039,0,0,0,778543.373,9,26,368.75,358.25,46.45812316,0,0,0,NaN,124.075007
27,series04_masked.tif:z:9/23 t:27/95 - Mark_and_Find 001/mT8 Control005,164.3740616,7885.010868,680.2645592,8183.0856,5692.447266,10263.08105,513.4780002,412.6959828,0,0,127.324763,464.3627132,372.510748,99.50629569,81.64619133,0,0,39.51156069,0.127414073,127.324763,1296091.262,8077.812988,0,0,0,796386.0977,9,27,364,355.25,39.51156069,1.42E-14,0,0,NaN,127.324763
28,series04_masked.tif:z:9/23 t:28/95 - Mark_and_Find 001/mT8 Control005,164.3740616,7894.714389,791.414168,8088.56758,5314.690918,10441.85645,513.318535,413.9717045,0,0,127.9737928,466.9141567,371.2350262,94.40340873,88.02480003,0,0,42.6771061,0.126124968,127.9737928,1297686.27,8045.13623,0,0,0,797366.1533,9,28,365.5,358.5,42.6771061,0,0,0,NaN,127.9737928
29,series04_masked.tif:z:9/23 t:29/95 - Mark_and_Find 001/mT8 Control005,167.6289936,8051.396437,705.8441002,7703.628811,5377.25,9677.271484,515.551048,416.6826132,0,0,129.9930093,472.0170436,368.6835827,89.30052177,96.95485221,0,0,47.18731725,0.12465767,129.9930093,1349647.481,8116.885742,0,0,0,829293.833,9,29,369.5,364,47.18731725,0,0,0,NaN,129.9930093
30,series04_masked.tif:z:9/23 t:30/95 - Mark_and_Find 001/mT8 Control005,170.8839255,7969.235491,952.4760992,8212.037215,4472.98584,10187.5957,516.8267697,417.7988697,0,0,132.3530564,474.5684871,367.407861,86.74907829,102.0577392,0,0,49.59338446,0.122586636,132.3530564,1361814.244,8130.177734,0,0,0,836769.7266,9,30,371.5,367,49.59338446,1.42E-14,0,0,NaN,132.3530564
31,series04_masked.tif:z:9/23 t:31/95 - Mark_and_Find 001/mT8 Control005,175.7663233,8067.740207,867.9590119,8013.818178,4772.166016,11491.7041,514.4347915,417.0015436,0,0,136.6932272,469.4656002,366.1321393,91.85196525,103.3334609,0,0,48.4996806,0.118209271,136.6932272,1418037.034,8112.436035,0,0,0,871315.9424,9,31,367.75,367,48.4996806,1.42E-14,0,0,NaN,136.6932272
32,series04_masked.tif:z:9/23 t:32/95 - Mark_and_Find 001/mT8 Control005,177.3937893,8104.478543,684.6357773,8272.315677,5377.668457,9882.408203,514.2753263,415.4068914,0,0,137.7166583,473.2927654,359.7535306,82.92191307,112.2635131,0,0,53.47509362,0.117537195,137.7166583,1437684.159,8168.361816,0,0,0,883388.1611,9,32,371,369,53.47509362,0,0,0,NaN,137.7166583
33,series04_masked.tif:z:9/23 t:33/95 - Mark_and_Find 001/mT8 Control005,169.2564595,8203.163776,685.3038364,8323.525776,5572,10380.12695,515.7105132,417.3204741,0,0,130.7712014,477.1199306,364.8564175,79.09474785,107.1606261,0,0,53.82879674,0.124374368,130.7712014,1388438.458,8308.207031,0,0,0,853129.0327,9,33,374,368.5,53.82879674,7.11E-15,0,0,NaN,130.7712014
34,series04_masked.tif:z:9/23 t:34/95 - Mark_and_Find 001/mT8 Control005,170.8839255,7993.417904,629.0071779,8087.234447,5698.433105,9067.761719,514.2753263,416.6826132,0,0,132.2857934,475.8442089,362.304974,77.81902611,109.7120696,0,0,54.81559888,0.12271133,132.2857934,1365946.629,8086.860352,0,0,0,839308.8799,9,34,373.25,369,54.81559888,0,0,0,NaN,132.2857934
35,series04_masked.tif:z:9/23 t:35/95 - Mark_and_Find 001/mT8 Control005,174.1388574,7946.658089,759.3974058,7770.427232,5391.441895,11836.10059,513.4780002,417.0015436,0,0,135.2524526,475.8442089,361.0292523,76.54330437,113.5392348,0,0,55.86026914,0.119623156,135.2524526,1383821.96,7926.437988,0,0,0,850292.4155,9,35,372.75,370.75,55.86026914,7.11E-15,0,0,NaN,135.2524526
36,series04_masked.tif:z:9/23 t:36/95 - Mark_and_Find 001/mT8 Control005,177.3937893,8059.349282,747.3415075,8255.656921,5359.375,10189.65625,512.5212089,418.1178001,0,0,138.3452439,474.5684871,361.0292523,77.81902611,116.0906783,0,0,56.09012877,0.116471537,138.3452439,1429678.508,8081.780273,0,0,0,878469.0718,9,36,371.5,372.75,56.09012877,0,0,0,NaN,138.3452439
37,series04_masked.tif:z:9/23 t:37/95 - Mark_and_Find 001/mT8 Control005,182.2761872,8061.808005,620.0070941,8084.524164,5545.75,9357.633789,514.4347915,420.8287088,0,0,141.549433,480.9470958,358.4778088,68.88897394,126.2964522,0,0,61.76044831,0.114320346,141.549433,1469475.625,8158.445313,0,0,0,902922.4966,9,37,377,378.75,61.76044831,0,0,0,NaN,141.549433
38,series04_masked.tif:z:9/23 t:38/95 - Mark_and_Find 001/mT8 Control005,183.9036531,8062.267034,711.1404795,7829.177824,5474.266602,10024.13281,513.4780002,424.8153393,0,0,142.2529849,478.3956523,363.5806958,71.44041742,125.0207305,0,0,60.44631637,0.114202982,142.2529849,1482680.36,8121.20166,0,0,0,911036.1748,9,38,375,381.5,60.44631637,0,0,0,NaN,142.2529849
39,series04_masked.tif:z:9/23 t:39/95 - Mark_and_Find 001/mT8 Control005,177.3937893,8063.79007,706.3087078,8172.587162,4891.5,10435.7793,516.6673045,426.5694567,0,0,137.4338559,507.7372524,358.4778088,19.13582609,137.7779479,0,0,-97.73522467,0.118021414,137.4338559,1430466.277,8125.608398,0,0,0,878953.1177,9,39,397.75,387.75,82.26477534,3.55E-15,0,0,NaN,137.4338559
40,series04_masked.tif:z:9/23 t:40/95 - Mark_and_Find 001/mT8 Control005,180.6487212,7945.182635,679.0752392,7901.897676,5217.739746,9580.561523,517.1457002,428.9614349,0,0,140.590454,506.4615306,359.7535306,22.96299131,140.3293914,0,0,-98.47935045,0.114850552,140.590454,1435287.083,8025.147949,0,0,0,881915.2725,9,40,397.25,390.75,81.52064955,0,0,0,NaN,140.590454
41,series04_masked.tif:z:9/23 t:41/95 - Mark_and_Find 001/mT8 Control005,185.5311191,8042.680908,732.4523338,7946.173119,4866,10140.41016,518.1024915,429.4398306,0,0,143.6370056,509.0129741,358.4778088,19.13582609,144.1565566,0,0,-97.01455919,0.113004033,143.6370056,1492167.589,8083.183594,0,0,0,916865.6235,9,41,399.25,392.5,82.98544081,3.55E-15,0,0,NaN,143.6370056
42,series04_masked.tif:z:9/23 t:42/95 - Mark_and_Find 001/mT8 Control005,188.786051,8112.385755,821.0164385,8270.759697,4258.5,12129.29297,517.1457002,430.3966219,0,0,147.0300437,510.2886958,357.2020871,15.30866088,147.9837218,0,0,-95.35195815,0.109740667,147.0300437,1531505.271,8191.681641,0,0,0,941036.7476,9,42,400,394.75,84.64804185,1.78E-15,0,0,NaN,147.0300437
43,series04_masked.tif:z:9/23 t:43/95 - Mark_and_Find 001/mT8 Control005,192.0409829,8025.574674,581.0937345,7785.86603,4899.25,9909.241211,515.551048,432.1507393,0,0,149.3755899,507.7372524,358.4778088,16.58438261,149.2594435,0,0,-95.75928298,0.108154481,149.3755899,1541239.249,8029.170898,0,0,0,947017.8115,9,43,398.25,397,84.24071703,3.55E-15,0,0,NaN,149.3755899
44,series04_masked.tif:z:9/23 t:44/95 - Mark_and_Find 001/mT8 Control005,196.9233808,8056.599904,786.1059569,7919.145706,3984.875,11052.75781,514.7537219,433.2669958,0,0,153.470505,507.7372524,357.2020871,15.30866088,154.3623305,0,0,-95.48548681,0.105064816,153.470505,1586532.891,8071.719238,0,0,0,974848.5884,9,44,397.75,399.5,84.51451319,0,0,0,NaN,153.470505
45,series04_masked.tif:z:7/23 t:45/95 - Mark_and_Find 001/mT8 Control005,203.4332446,8018.317582,704.5005402,8324.453226,4945.272461,9016.191406,514.7537219,433.2669958,0,0,158.2425347,509.0129741,354.6506436,12.7572174,159.4652174,0,0,-93.92929612,0.102090499,158.2425347,1631192.362,8176.051758,0,0,0,1002289.698,7,45,399.25,401.5,86.07070389,0,0,0,NaN,158.2425347
46,series04_masked.tif:z:7/23 t:46/95 - Mark_and_Find 001/mT8 Control005,201.8057786,8082.971191,779.6441892,8408.005419,4348.5,9170.928711,512.6806741,436.7752306,0,0,156.4548023,503.9100871,359.7535306,19.13582609,155.6380522,0,0,-96.90771355,0.10360141,156.4548023,1631190.295,8150.419922,0,0,0,1002288.428,7,46,394.5,403.25,83.09228645,0,0,0,NaN,156.4548023
47,series04_masked.tif:z:7/23 t:47/95 - Mark_and_Find 001/mT8 Control005,205.0607106,7918.605965,820.4873624,8115.869379,4249.25,8974.092773,514.2753263,438.2104175,0,0,158.9096296,503.9100871,359.7535306,21.68726957,158.1894957,0,0,-97.49585764,0.102045038,158.9096296,1623794.966,8118.880859,0,0,0,997744.3516,7,47,395,405.25,82.50414236,0,0,0,NaN,158.9096296
48,series04_masked.tif:z:8/23 t:48/95 - Mark_and_Find 001/mT8 Control005,205.0607106,8022.365599,831.1187236,8263.302053,4389.5,9735.555664,512.2022784,438.3698828,0,0,159.0260835,502.6343654,359.7535306,20.41154783,159.4652174,0,0,-96.91122712,0.101895639,159.0260835,1645071.99,8261.533203,0,0,0,1010818.065,8,48,394,405.5,83.08877288,0,0,0,NaN,159.0260835
49,series04_masked.tif:z:8/23 t:49/95 - Mark_and_Find 001/mT8 Control005,209.9431084,8089.061698,681.4541039,7982.19408,5036.3125,11509.66602,512.5212089,438.6888132,0,0,163.4595487,502.6343654,357.2020871,20.41154783,164.5681044,0,0,-96.72289865,0.098739494,163.4595487,1698242.757,8110.896484,0,0,0,1043488.959,8,49,394.25,407.5,83.27710135,0,0,0,NaN,163.4595487
50,series04_masked.tif:z:8/23 t:50/95 - Mark_and_Find 001/mT8 Control005,216.4529723,8077.475894,627.3378998,8449.1134,5479.75,11488.89648,511.7238828,438.6888132,0,0,168.9241776,503.9100871,354.6506436,17.86010435,169.6709914,0,0,-95.74288458,0.095321264,168.9241776,1748393.666,8123.106934,0,0,0,1074304.294,8,50,394.5,409.75,84.25711543,0,0,0,NaN,168.9241776
51,series04_masked.tif:z:8/23 t:51/95 - Mark_and_Find 001/mT8 Control005,219.7079042,8142.559578,793.4631174,8009.671528,4752.5,10729.81836,509.4913697,438.6888132,0,0,170.4921088,497.5314784,354.6506436,25.51443479,169.6709914,0,0,-98.28167814,0.09498324,170.4921088,1788984.699,8162.070801,0,0,0,1099245.543,8,51,389.75,410,81.71832186,3.55E-15,0,0,NaN,170.4921088
52,series04_masked.tif:z:8/23 t:52/95 - Mark_and_Find 001/mT8 Control005,222.9628361,8013.664736,831.1001294,8162.783656,4511.626465,10159.33789,511.4049524,438.3698828,0,0,174.0209074,500.0829219,352.0992001,24.23871305,173.4981566,0,0,-97.4766796,0.092520823,174.0209074,1786749.417,8065.036133,0,0,0,1097872.069,8,52,392,411.25,82.52332041,0,0,0,NaN,174.0209074
53,series04_masked.tif:z:8/23 t:53/95 - Mark_and_Find 001/mT8 Control005,229.4726999,8063.690191,819.1646828,7846.702732,5125,10155.72852,511.5644176,438.2104175,0,0,178.099162,503.9100871,349.5477566,17.86010435,178.6010435,0,0,-95.34305576,0.090911147,178.099162,1850396.759,7995.195801,0,0,0,1136980.317,8,53,394.5,413,84.65694424,0,0,0,NaN,178.099162
54,series04_masked.tif:z:8/23 t:54/95 - Mark_and_Find 001/mT8 Control005,231.1001659,8069.753308,809.1966022,7946.811596,5136.875,11766.77148,510.2886958,439.6456045,0,0,180.3863886,506.4615306,349.5477566,8.930052177,181.152487,0,0,-92.63476118,0.089248843,180.3863886,1864921.328,8043.628418,0,0,0,1145904.97,8,54,396.75,415.25,87.36523882,0,0,0,NaN,180.3863886
55,series04_masked.tif:z:8/23 t:55/95 - Mark_and_Find 001/mT8 Control005,234.3550978,8163.81839,855.0550427,7999.069199,5491.461914,10863.40723,509.650835,442.197048,0,0,182.8183698,507.7372524,350.8234784,6.378608698,183.7039305,0,0,-91.59946653,0.088113937,182.8183698,1913232.457,8257.101563,0,0,0,1175589.848,8,55,397.5,418.25,88.40053347,0,0,0,NaN,182.8183698
56,series04_masked.tif:z:8/23 t:56/95 - Mark_and_Find 001/mT8 Control005,232.7276318,8131.568878,719.1339348,8428.163263,5085.015625,10075.37012,509.0129741,440.9213262,0,0,181.4815064,507.7372524,350.8234784,3.827165219,182.4282088,0,0,-90.60415103,0.088795931,181.4815064,1892440.768,8225.871094,0,0,0,1162814.35,8,56,398.25,416.75,89.39584897,0,0,0,NaN,181.4815064
57,series04_masked.tif:z:8/23 t:57/95 - Mark_and_Find 001/mT8 Control005,227.845234,8069.459584,658.6431515,8163.863937,5463,9615.679688,508.6940437,441.2402567,0,0,177.736987,506.4615306,352.0992001,6.378608698,179.8767653,0,0,-91.85092504,0.090634634,177.736987,1838587.907,8086.276367,0,0,0,1129724.342,8,57,396.5,415.5,88.14907497,0,0,0,NaN,177.736987
58,series04_masked.tif:z:8/23 t:58/95 - Mark_and_Find 001/mT8 Control005,229.4726999,8138.792979,740.9227518,8472.563878,5132.557129,10493.32031,508.3751132,442.5159784,0,0,179.1120251,503.9100871,353.3749219,10.20577392,179.8767653,0,0,-92.6535206,0.089885865,179.1120251,1867630.799,8159.21582,0,0,0,1147569.81,8,58,395.25,417,87.3464794,0,0,0,NaN,179.1120251
59,series04_masked.tif:z:8/23 t:59/95 - Mark_and_Find 001/mT8 Control005,234.3550978,8063.165924,822.3278474,8020.320561,4675.178223,11339.43066,506.9399263,442.197048,0,0,183.0143889,502.6343654,350.8234784,10.20577392,183.7039305,0,0,-93.09675268,0.087925287,183.0143889,1889644.039,8115.809082,0,0,0,1161095.893,8,59,393.5,418.25,86.90324732,1.78E-15,0,0,NaN,183.0143889
60,series04_masked.tif:z:8/23 t:60/95 - Mark_and_Find 001/mT8 Control005,239.2374957,8028.492905,617.0940477,7928.284971,5476.943359,9702.825195,506.9399263,442.0375828,0,0,186.5895688,501.3586437,349.5477566,12.7572174,187.5310957,0,0,-93.42972006,0.086350407,186.5895688,1920716.536,8068.791016,0,0,0,1180188.457,8,60,393,419.5,86.57027995,1.78E-15,0,0,NaN,186.5895688
61,series04_masked.tif:z:8/23 t:61/95 - Mark_and_Find 001/mT8 Control005,242.4924276,8054.280942,718.4934828,8089.746906,4906.337891,9830.523438,508.0561828,442.197048,0,0,188.7639833,502.6343654,348.2720349,11.48149566,190.0825392,0,0,-93.09928315,0.085520411,188.7639833,1953102.138,8098.032227,0,0,0,1200087.86,8,61,394.25,420.5,86.90071685,1.78E-15,0,0,NaN,188.7639833
62,series04_masked.tif:z:8/23 t:62/95 - Mark_and_Find 001/mT8 Control005,245.7473595,8150.272749,760.7378015,8253.948729,4371.865234,9561.491211,509.4913697,441.7186523,0,0,191.125566,503.9100871,346.9963132,12.7572174,191.3582609,0,0,-93.731397,0.084539788,191.125566,2002908.007,8201.117188,0,0,0,1230691.185,8,62,394.5,421,86.268603,1.78E-15,0,0,NaN,191.125566
63,series04_masked.tif:z:8/23 t:63/95 - Mark_and_Find 001/mT8 Control005,247.3748254,8150.774517,752.2324267,7973.861004,4136,9432.455078,510.6076263,441.0807915,0,0,192.2036852,506.4615306,345.7205914,10.20577392,192.6339827,0,0,-92.66300077,0.084147641,192.2036852,2016296.423,8132.851074,0,0,0,1238917.727,8,63,396.75,421,87.33699923,0,0,0,NaN,192.2036852
64,series04_masked.tif:z:8/23 t:64/95 - Mark_and_Find 001/mT8 Control005,249.0022914,8164.480191,625.5708158,8256.051353,5230.75,9967.613281,510.9265567,438.0509523,0,0,193.9309478,505.1858089,341.8934262,12.7572174,193.9097044,0,0,-93.39412642,0.083199165,193.9309478,2032974.276,8171.55127,0,0,0,1249165.469,8,64,396,419.25,86.60587358,0,0,0,NaN,193.9309478
65,series04_masked.tif:z:8/23 t:65/95 - Mark_and_Find 001/mT8 Control005,252.2572233,8138.151027,764.5762445,8225.145473,4936.070801,9845.709961,511.7238828,440.1240002,0,0,196.3485062,505.1858089,341.8934262,15.30866088,197.7368696,0,0,-94.19170768,0.082223938,196.3485062,2052907.381,8231.551758,0,0,0,1261413.409,8,65,395.5,421.75,85.80829233,0,0,0,NaN,196.3485062
66,series04_masked.tif:z:8/23 t:66/95 - Mark_and_Find 001/mT8 Control005,257.1396212,8120.124456,785.8796619,8259.052859,5375.804199,10904.73047,511.883348,437.8914871,0,0,200.8249007,505.1858089,338.066261,15.30866088,201.5640349,0,0,-94.1893429,0.080120517,200.8249007,2088005.727,8263.033203,0,0,0,1282979.664,8,66,395.5,421.75,85.8106571,0,0,0,NaN,200.8249007
67,series04_masked.tif:z:8/23 t:67/95 - Mark_and_Find 001/mT8 Control005,262.022019,8241.46922,814.9211823,8542.378841,5570.265625,11227.22461,511.883348,435.9779045,0,0,204.642031,505.1858089,334.2390958,15.30866088,205.3912001,0,0,-94.1110646,0.078624515,204.642031,2159446.405,8301.533203,0,0,0,1326876.544,8,67,395.5,421.75,85.8889354,0,0,0,NaN,204.642031
68,series04_masked.tif:z:8/23 t:68/95 - Mark_and_Find 001/mT8 Control005,265.276951,8136.092875,748.9141931,8184.624985,5086.719727,10253.25879,512.0428132,434.861648,0,0,206.8917243,505.1858089,331.6876523,15.30866088,207.9426436,0,0,-94.15483735,0.077879498,206.8917243,2158317.911,8216.362305,0,0,0,1326183.139,8,68,395.5,421.75,85.84516265,0,0,0,NaN,206.8917243
69,series04_masked.tif:z:9/23 t:69/95 - Mark_and_Find 001/mT8 Control005,273.4142807,8199.536702,825.9289738,8249.858697,5636.297363,9703.602539,515.6042096,435.8716008,0,0,213.0183677,506.4615306,330.4119306,20.41154783,213.0455305,0,0,-95.03910005,0.07571762,213.0183795,2241870.43,8301.776367,0,0,0,1377522.166,9,69,396.8333435,424.8333435,84.96090374,0,0,0,NaN,213.0183677
70,series04_masked.tif:z:10/23 t:70/95 - Mark_and_Find 001/mT8 Control005,276.6692127,8172.837511,687.5313845,8109.288344,5703.169434,10690.75195,516.4546972,434.5958791,0,0,215.7143655,506.4615306,327.8604871,21.68726957,215.596974,0,0,-95.42962354,0.074715819,215.7143784,2261172.519,8256.861328,0,0,0,1389382.377,10,70,396.8333435,424.8333435,84.57037679,0,0,0,NaN,215.7143655
71,series04_masked.tif:z:10/23 t:71/95 - Mark_and_Find 001/mT8 Control005,276.6692127,8120.917489,796.1676219,7906.836212,5193.587891,11595.35352,516.4546972,434.5958791,0,0,215.7143655,506.4615306,327.8604871,21.68726957,215.596974,0,0,-95.42962354,0.074715819,215.7143784,2246807.848,8148.210449,0,0,0,1380555.973,10,71,396.8333435,424.8333435,84.57037679,0,0,0,NaN,215.7143655
72,series04_masked.tif:z:10/23 t:72/95 - Mark_and_Find 001/mT8 Control005,276.6692127,8054.974744,769.0736675,8364.480535,5802.898926,11028.11719,518.3682604,434.1706353,0,0,215.999612,511.5644176,326.5847653,15.30866088,216.8726957,0,0,-93.49893622,0.074518612,215.9996322,2228563.521,8103.825195,0,0,0,1369345.707,10,72,401.1666565,424.8333435,86.50106066,0,0,0,NaN,215.999612
73,series04_masked.tif:z:10/23 t:73/95 - Mark_and_Find 001/mT8 Control005,278.2966786,8053.968093,643.8614688,8652.083797,5935.583496,9162.609375,517.5177922,432.0444259,0,0,216.4478729,517.9430263,324.0333219,1.27572174,218.1484175,0,0,-89.88743476,0.074646808,216.4478794,2241392.57,8134.901855,0,0,0,1377228.544,10,73,405.5,253.8333282,90.11256867,5.55E-17,0,0,NaN,216.4478729
74,series04_masked.tif:z:10/23 t:74/95 - Mark_and_Find 001/mT8 Control005,281.5516105,7960.676137,713.73383,7984.276575,5485.279297,9521.514648,516.6673045,433.1075306,0,0,219.516832,514.115861,324.0333219,7.654330437,220.6998609,0,0,-88.33489394,0.073423017,219.516832,2241341.187,8021.081543,0,0,0,1377196.972,10,74,402.5,253.5,91.66510606,8.88E-16,0,0,NaN,219.516832
75,series04_masked.tif:z:10/23 t:75/95 - Mark_and_Find 001/mT8 Control005,283.1790765,7963.525725,743.8431639,8365.743032,5912.25,10319.92871,515.3915828,432.4696697,0,0,220.8804529,511.5644176,322.7576001,10.20577392,221.9755827,0,0,-87.68293761,0.072938438,220.8804529,2255103.86,8128.974609,0,0,0,1385653.476,10,75,400.5,252.5,92.31706239,0,0,0,NaN,220.8804529
76,series04_masked.tif:z:10/23 t:76/95 - Mark_and_Find 001/mT8 Control005,283.1790765,8078.411453,774.6852759,8122.065992,5623.216797,9873.750977,521.7701915,432.0444356,0,0,220.5396206,487.3257045,327.8604871,70.16469568,210.494087,0,0,-71.91441136,0.073164057,220.539641,2287637.095,8182.977539,0,0,0,1405643.593,10,76,382.1666565,256.5,108.085594,0,0,0,NaN,220.5396206
77,series04_masked.tif:z:10/23 t:77/95 - Mark_and_Find 001/mT8 Control005,284.8065424,8117.955737,817.7047244,8369.247117,4840.027832,10266.33496,520.2818624,431.6191918,0,0,222.286963,484.774261,326.5847653,72.71613916,211.7698088,0,0,-71.25309902,0.072432227,222.2869814,2312046.905,8322.699219,0,0,0,1420642.254,10,77,379.8333435,255.8333282,108.7468994,0,0,0,NaN,222.286963
78,series04_masked.tif:z:10/23 t:78/95 - Mark_and_Find 001/mT8 Control005,284.8065424,8094.244785,957.170692,8373.63655,4152.945801,10041.21191,519.8566089,431.8318088,0,0,221.4193031,479.6713741,329.1362088,82.92191307,206.6669218,0,0,-68.36205877,0.07300101,221.419279,2305293.871,8364.25,0,0,0,1416492.837,10,78,375.5,257.8333435,111.6379437,0,0,0,NaN,221.4193031
79,series04_masked.tif:z:10/23 t:79/95 - Mark_and_Find 001/mT8 Control005,283.1790765,8031.093885,963.6942372,8246.019975,4673.214355,10166.53711,516.6673045,433.3201379,0,0,221.1161059,473.2927654,331.6876523,89.30052177,204.1154783,0,0,-66.54097592,0.072783053,221.1161059,2274237.749,8169.867676,0,0,0,1397410.336,10,79,370.5,260.1666565,113.4590241,0,0,0,NaN,221.1161059
80,series04_masked.tif:z:10/23 t:80/95 - Mark_and_Find 001/mT8 Control005,286.4340084,8313.750501,959.0409907,8441.402835,3894.361084,10237.91797,519.4313748,430.5560871,0,0,222.7059253,465.6384349,332.963374,109.7120696,196.4611479,0,0,-60.98790018,0.072572302,222.7059417,2381340.881,8427.595703,0,0,0,1463220.088,10,80,364.8333435,261.1666565,119.0120937,0,0,0,NaN,222.7059253
81,series04_masked.tif:z:10/23 t:81/95 - Mark_and_Find 001/mT8 Control005,288.0614744,8247.769733,798.967433,7906.048278,4500.472168,10035.88477,520.0692162,429.7056189,0,0,225.1531414,460.535548,334.2390958,119.9178435,192.6339827,0,0,-58.20108718,0.07140671,225.1531414,2375864.709,8212.130859,0,0,0,1459855.243,10,81,361.1666565,261.8333435,121.7989128,1.42E-14,0,0,NaN,225.1531414
82,series04_masked.tif:z:10/23 t:82/95 - Mark_and_Find 001/mT8 Control005,289.6889403,8071.886941,837.8089191,7747.783633,5219.658691,9667.768555,522.1954256,430.5560871,0,0,225.993265,460.535548,335.5148175,125.0207305,191.3582609,0,0,-57.05748634,0.071277225,225.9932938,2338336.374,8028.340332,0,0,0,1436795.875,10,82,361.1666565,263.1666565,122.9425128,1.42E-14,0,0,NaN,225.993265
83,series04_masked.tif:z:10/23 t:83/95 - Mark_and_Find 001/mT8 Control005,292.9438722,8000.797336,941.7573856,8039.152233,5082.111328,10508.65234,517.5177922,425.8784537,0,0,228.4317826,451.6054958,332.963374,133.9507827,187.5310957,0,0,-54.62350878,0.070547434,228.4317751,2343784.553,8042.177246,0,0,0,1440143.521,10,83,353.8333435,260.8333435,125.3764886,0,0,0,NaN,228.4317826
84,series04_masked.tif:z:10/23 t:84/95 - Mark_and_Find 001/mT8 Control005,302.708668,7958.167937,799.8148118,7691.751251,4919.835938,9796.882813,516.6673045,426.7289219,0,0,236.161712,442.6754436,335.5148175,149.2594435,184.9796522,0,0,-51.06628263,0.068204926,236.1616956,2409006.416,7901.729492,0,0,0,1480219.236,10,84,346.8333435,262.5,128.9337125,1.42E-14,0,0,NaN,236.161712
85,series04_masked.tif:z:11/23 t:85/95 - Mark_and_Find 001/mT8 Control005,305.9635999,8018.439578,764.9869682,7922.823385,4973.237305,9677.873047,518.5808871,426.5162951,0,0,238.2580885,442.6754436,335.5148175,153.0866087,183.7039305,0,0,-50.28608113,0.067730506,238.2580619,2453350.639,8023.449219,0,0,0,1507466.641,11,85,346.8333435,262.5,129.7139161,0,0,0,NaN,238.2580885
86,series04_masked.tif:z:11/23 t:86/95 - Mark_and_Find 001/mT8 Control005,304.3361339,7961.870198,944.2609672,8177.057022,4678.260742,11541.7998,519.218748,423.7522443,0,0,237.0055397,443.9511654,332.963374,153.0866087,183.7039305,0,0,-50.16810418,0.068084208,237.0055297,2423084.795,8105.945313,0,0,0,1488869.727,11,86,347.5,260.8333435,129.8318978,0,0,0,NaN,237.0055397
87,series04_masked.tif:z:11/23 t:87/95 - Mark_and_Find 001/mT8 Control005,307.5910658,7994.973731,834.0418366,7308.420523,4960.051758,9396.822266,520.4944697,424.602732,0,0,239.9476259,443.9511654,332.963374,155.6380522,184.9796522,0,0,-49.96041069,0.067135259,239.9476259,2459182.491,8058.73291,0,0,0,1511050.035,11,87,347.5,260.8333435,130.0395893,1.42E-14,0,0,NaN,239.9476259
88,series04_masked.tif:z:11/23 t:88/95 - Mark_and_Find 001/mT8 Control005,310.8459978,7968.432727,759.0477267,7823.113803,5208.333496,9327.618164,519.4313748,423.9648711,0,0,242.2934849,441.3997219,331.6876523,158.1894957,186.255374,0,0,-49.76954665,0.066538295,242.2934765,2476955.422,8098.245605,0,0,0,1521970.651,11,88,345.8333435,259.8333435,130.230451,1.42E-14,0,0,NaN,242.2934849
89,series04_masked.tif:z:11/23 t:89/95 - Mark_and_Find 001/mT8 Control005,310.8459978,8019.23278,751.7795491,7638.596732,4914.083496,9428.487305,520.7070965,423.9648516,0,0,242.1964433,442.6754436,331.6876523,158.1894957,186.255374,0,0,-49.48599652,0.066591626,242.1964616,2492746.415,8096.429688,0,0,0,1531673.461,11,89,346.5,260.1666565,130.5140038,1.42E-14,0,0,NaN,242.1964433
90,series04_masked.tif:z:11/23 t:90/95 - Mark_and_Find 001/mT8 Control005,312.4734637,8037.912684,737.7780618,8468.702092,5327.666504,9279.042969,522.195445,422.051269,0,0,243.2186535,445.2268871,327.8604871,155.6380522,190.0825392,0,0,-50.60486848,0.066378777,243.2186636,2511634.417,8168.600098,0,0,0,1543279.235,11,90,348.8333435,257.1666565,129.3951296,0,0,0,NaN,243.2186535
91,series04_masked.tif:z:11/23 t:91/95 - Mark_and_Find 001/mT8 Control005,317.3558616,8050.754244,915.3058031,8513.383371,4424.75,10599.91309,524.5342617,419.9250694,0,0,247.5835235,447.7783306,322.7576001,155.6380522,195.1854262,0,0,-51.55535729,0.065059828,247.5835002,2554954.05,8136.90332,0,0,0,1569897.078,11,91,350.8333435,253.1666718,128.4446432,0,0,0,NaN,247.5835235
92,series04_masked.tif:z:11/23 t:92/95 - Mark_and_Find 001/mT8 Control005,320.6107935,8060.915887,831.3219081,8289.372037,5305.997559,9977.213867,524.7468691,418.2241038,0,0,249.9955336,447.7783306,320.2061566,155.6380522,197.7368696,0,0,-52.11646857,0.064464928,249.9955314,2584416.639,8226.054688,0,0,0,1588000.43,11,92,351.1666565,250.5,127.8835356,0,0,0,NaN,249.9955336
93,series04_masked.tif:z:11/23 t:93/95 - Mark_and_Find 001/mT8 Control005,322.2382595,7998.937285,800.7760105,7971.412952,4805.5,9270.919922,527.9361734,419.7124523,0,0,251.0637814,452.8812175,320.2061566,151.810887,201.5640349,0,0,-52.91660281,0.064241968,251.0637735,2577563.628,8149.651367,0,0,0,1583789.583,11,93,354.5,250.5,127.0833948,1.42E-14,0,0,NaN,251.0637814
94,series04_masked.tif:z:11/23 t:94/95 - Mark_and_Find 001/mT8 Control005,327.1206573,7960.073291,828.9627817,8463.08463,4240.083496,9034.266602,528.9992878,420.3503035,0,0,255.7492443,451.6054958,318.9304349,156.913774,204.1154783,0,0,-52.63470723,0.062847661,255.7492313,2603904.407,8183.864258,0,0,0,1599974.731,11,94,353.8333435,249.8333282,127.3652913,0,0,0,NaN,255.7492443
95,series04_masked.tif:z:11/23 t:95/95 - Mark_and_Find 001/mT8 Control005,332.0030552,7934.450749,829.1787052,8709.336094,3996.026123,9097.959961,530.4876169,419.4998255,0,0,258.8873591,452.8812175,316.3789914,156.913774,207.9426436,0,0,-53.28068224,0.062248695,258.8873564,2634261.89,8157.898438,0,0,0,1618627.953,11,95,355.1666565,247.5,126.7193218,0,0,0,NaN,258.8873591